country;model_name;horizon;feature;importance
AT;ILI;1;covid;0,0
AT;ILI;1;year;0,077921264
AT;ILI;1;lag_value_1;0,5142129
AT;ILI;1;lag_temp_max_2;0,037466846
AT;ILI;1;lag_temp_max_3;0,030207623
AT;ILI;1;lag_value_4;0,032932173
AT;ILI;1;lag_humidity_4;0,08838023
AT;ILI;1;lag_temp_max_4;0,017641906
AT;ILI;1;month_sin;0,045283664
AT;ILI;1;month_cos;0,024843788
AT;ILI;1;week_sin;0,09551885
AT;ILI;1;week_cos;0,03559075
AT;ILI;2;covid;0,0
AT;ILI;2;year;0,086547606
AT;ILI;2;lag_value_1;0,40362978
AT;ILI;2;lag_temp_max_2;0,036164094
AT;ILI;2;lag_temp_max_3;0,03481856
AT;ILI;2;lag_value_4;0,04861132
AT;ILI;2;lag_humidity_4;0,05480581
AT;ILI;2;lag_temp_max_4;0,05040695
AT;ILI;2;month_sin;0,15775758
AT;ILI;2;month_cos;0,042808667
AT;ILI;2;week_sin;0,050589018
AT;ILI;2;week_cos;0,033860605
AT;ILI;3;covid;0,023557406
AT;ILI;3;year;0,13797188
AT;ILI;3;lag_value_1;0,34278855
AT;ILI;3;lag_temp_max_2;0,043430805
AT;ILI;3;lag_temp_max_3;0,06097709
AT;ILI;3;lag_value_4;0,06207462
AT;ILI;3;lag_humidity_4;0,031030882
AT;ILI;3;lag_temp_max_4;0,065808564
AT;ILI;3;month_sin;0,095283985
AT;ILI;3;month_cos;0,022432983
AT;ILI;3;week_sin;0,08237584
AT;ILI;3;week_cos;0,032267354
AT;ILI;4;covid;0,032147005
AT;ILI;4;year;0,16005808
AT;ILI;4;lag_value_1;0,23460324
AT;ILI;4;lag_temp_max_2;0,056793857
AT;ILI;4;lag_temp_max_3;0,05201519
AT;ILI;4;lag_value_4;0,05132639
AT;ILI;4;lag_humidity_4;0,02580336
AT;ILI;4;lag_temp_max_4;0,11581543
AT;ILI;4;month_sin;0,1057357
AT;ILI;4;month_cos;0,056776784
AT;ILI;4;week_sin;0,06673321
AT;ILI;4;week_cos;0,04219172
BE;ARI;1;temperature_2m_max;0,042060766
BE;ARI;1;year;0,092119046
BE;ARI;1;lag_value_1;0,27728558
BE;ARI;1;lag_temp_max_1;0,06947882
BE;ARI;1;month_cos;0,2538351
BE;ARI;1;week_sin;0,028061979
BE;ARI;1;week_cos;0,23715873
BE;ARI;2;temperature_2m_max;0,06783734
BE;ARI;2;year;0,09888582
BE;ARI;2;lag_value_1;0,26637733
BE;ARI;2;lag_temp_max_1;0,06120233
BE;ARI;2;month_cos;0,29415566
BE;ARI;2;week_sin;0,048908614
BE;ARI;2;week_cos;0,16263291
BE;ARI;3;temperature_2m_max;0,07162692
BE;ARI;3;year;0,110022
BE;ARI;3;lag_value_1;0,124298505
BE;ARI;3;lag_temp_max_1;0,05448464
BE;ARI;3;month_cos;0,4973399
BE;ARI;3;week_sin;0,042787768
BE;ARI;3;week_cos;0,09944037
BE;ARI;4;temperature_2m_max;0,058266718
BE;ARI;4;year;0,11042081
BE;ARI;4;lag_value_1;0,117104046
BE;ARI;4;lag_temp_max_1;0,02793749
BE;ARI;4;month_cos;0,45793247
BE;ARI;4;week_sin;0,065136366
BE;ARI;4;week_cos;0,16320208
BE;ILI;1;temperature_2m_max;0,008062748
BE;ILI;1;temperature_2m_min;0,010132955
BE;ILI;1;covid;0,011706414
BE;ILI;1;year;0,016784647
BE;ILI;1;lag_value_1;0,47457573
BE;ILI;1;lag_temp_max_1;0,018434979
BE;ILI;1;lag_temp_min_1;0,06256202
BE;ILI;1;lag_value_2;0,19716889
BE;ILI;1;lag_temp_max_2;0,028206382
BE;ILI;1;lag_temp_min_2;0,007058165
BE;ILI;1;lag_value_3;0,0474388
BE;ILI;1;lag_value_4;0,02971595
BE;ILI;1;lag_temp_max_4;0,010587466
BE;ILI;1;lag_temp_min_4;0,008163358
BE;ILI;1;month_sin;0,012579456
BE;ILI;1;month_cos;0,015527311
BE;ILI;1;week_sin;0,0120233195
BE;ILI;1;week_cos;0,02927144
BE;ILI;2;temperature_2m_max;0,022929017
BE;ILI;2;temperature_2m_min;0,06921751
BE;ILI;2;covid;0,026773667
BE;ILI;2;year;0,01768567
BE;ILI;2;lag_value_1;0,3435297
BE;ILI;2;lag_temp_max_1;0,04628284
BE;ILI;2;lag_temp_min_1;0,028123368
BE;ILI;2;lag_value_2;0,14019284
BE;ILI;2;lag_temp_max_2;0,019207207
BE;ILI;2;lag_temp_min_2;0,020197453
BE;ILI;2;lag_value_3;0,039394435
BE;ILI;2;lag_value_4;0,04868563
BE;ILI;2;lag_temp_max_4;0,021561293
BE;ILI;2;lag_temp_min_4;0,015209047
BE;ILI;2;month_sin;0,02142595
BE;ILI;2;month_cos;0,052639145
BE;ILI;2;week_sin;0,027945833
BE;ILI;2;week_cos;0,038999416
BE;ILI;3;temperature_2m_max;0,060884308
BE;ILI;3;temperature_2m_min;0,04806692
BE;ILI;3;covid;0,047453795
BE;ILI;3;year;0,033210296
BE;ILI;3;lag_value_1;0,26396295
BE;ILI;3;lag_temp_max_1;0,04409858
BE;ILI;3;lag_temp_min_1;0,02777065
BE;ILI;3;lag_value_2;0,06300565
BE;ILI;3;lag_temp_max_2;0,0600596
BE;ILI;3;lag_temp_min_2;0,012892266
BE;ILI;3;lag_value_3;0,043325834
BE;ILI;3;lag_value_4;0,046278153
BE;ILI;3;lag_temp_max_4;0,02175986
BE;ILI;3;lag_temp_min_4;0,02408689
BE;ILI;3;month_sin;0,037385046
BE;ILI;3;month_cos;0,053634647
BE;ILI;3;week_sin;0,037777916
BE;ILI;3;week_cos;0,07434667
BE;ILI;4;temperature_2m_max;0,045185544
BE;ILI;4;temperature_2m_min;0,033308625
BE;ILI;4;covid;0,07467437
BE;ILI;4;year;0,055500567
BE;ILI;4;lag_value_1;0,101938576
BE;ILI;4;lag_temp_max_1;0,15244076
BE;ILI;4;lag_temp_min_1;0,016236939
BE;ILI;4;lag_value_2;0,023869617
BE;ILI;4;lag_temp_max_2;0,082491316
BE;ILI;4;lag_temp_min_2;0,014223937
BE;ILI;4;lag_value_3;0,02990515
BE;ILI;4;lag_value_4;0,04445827
BE;ILI;4;lag_temp_max_4;0,022494568
BE;ILI;4;lag_temp_min_4;0,022545272
BE;ILI;4;month_sin;0,084349975
BE;ILI;4;month_cos;0,049431693
BE;ILI;4;week_sin;0,05227732
BE;ILI;4;week_cos;0,0946675
BG;ARI;1;lag_value_1;0,31377518
BG;ARI;1;lag_value_2;0,044866636
BG;ARI;1;lag_value_3;0,020992063
BG;ARI;1;lag_value_4;0,028153343
BG;ARI;1;lag_temp_min_4;0,012313517
BG;ARI;1;month_sin;0,031889584
BG;ARI;1;month_cos;0,35505587
BG;ARI;1;week_sin;0,038182013
BG;ARI;1;week_cos;0,15477182
BG;ARI;2;lag_value_1;0,07838898
BG;ARI;2;lag_value_2;0,02430214
BG;ARI;2;lag_value_3;0,025910534
BG;ARI;2;lag_value_4;0,025360815
BG;ARI;2;lag_temp_min_4;0,01595986
BG;ARI;2;month_sin;0,064742684
BG;ARI;2;month_cos;0,3684374
BG;ARI;2;week_sin;0,035723712
BG;ARI;2;week_cos;0,36117396
BG;ARI;3;lag_value_1;0,037111577
BG;ARI;3;lag_value_2;0,02705023
BG;ARI;3;lag_value_3;0,022188444
BG;ARI;3;lag_value_4;0,036803637
BG;ARI;3;lag_temp_min_4;0,030669028
BG;ARI;3;month_sin;0,042688552
BG;ARI;3;month_cos;0,40977913
BG;ARI;3;week_sin;0,051683538
BG;ARI;3;week_cos;0,34202585
BG;ARI;4;lag_value_1;0,03471918
BG;ARI;4;lag_value_2;0,017516902
BG;ARI;4;lag_value_3;0,024393868
BG;ARI;4;lag_value_4;0,040796936
BG;ARI;4;lag_temp_min_4;0,030124431
BG;ARI;4;month_sin;0,017048722
BG;ARI;4;month_cos;0,43171895
BG;ARI;4;week_sin;0,05164978
BG;ARI;4;week_cos;0,35203117
CZ;ARI;1;temperature_2m_max;0,024143415
CZ;ARI;1;covid;0,007850338
CZ;ARI;1;lag_value_1;0,7838701
CZ;ARI;1;lag_temp_max_1;0,02467049
CZ;ARI;1;lag_value_3;0,012374283
CZ;ARI;1;lag_value_4;0,022682374
CZ;ARI;1;month_sin;0,012917061
CZ;ARI;1;month_cos;0,04179545
CZ;ARI;1;week_sin;0,015230986
CZ;ARI;1;week_cos;0,05446552
CZ;ARI;2;temperature_2m_max;0,05056063
CZ;ARI;2;covid;0,029304044
CZ;ARI;2;lag_value_1;0,5654226
CZ;ARI;2;lag_temp_max_1;0,036062438
CZ;ARI;2;lag_value_3;0,022714315
CZ;ARI;2;lag_value_4;0,047947727
CZ;ARI;2;month_sin;0,035263773
CZ;ARI;2;month_cos;0,10619432
CZ;ARI;2;week_sin;0,054055847
CZ;ARI;2;week_cos;0,05247431
CZ;ARI;3;temperature_2m_max;0,05652345
CZ;ARI;3;covid;0,034814432
CZ;ARI;3;lag_value_1;0,36896443
CZ;ARI;3;lag_temp_max_1;0,0410701
CZ;ARI;3;lag_value_3;0,0511411
CZ;ARI;3;lag_value_4;0,03300052
CZ;ARI;3;month_sin;0,043649852
CZ;ARI;3;month_cos;0,27403146
CZ;ARI;3;week_sin;0,053599864
CZ;ARI;3;week_cos;0,04320467
CZ;ARI;4;temperature_2m_max;0,03311957
CZ;ARI;4;covid;0,049468014
CZ;ARI;4;lag_value_1;0,17695913
CZ;ARI;4;lag_temp_max_1;0,030544018
CZ;ARI;4;lag_value_3;0,040027898
CZ;ARI;4;lag_value_4;0,033006568
CZ;ARI;4;month_sin;0,054532714
CZ;ARI;4;month_cos;0,39701968
CZ;ARI;4;week_sin;0,033292804
CZ;ARI;4;week_cos;0,15202959
CZ;ILI;1;temperature_2m_max;0,021884013
CZ;ILI;1;temperature_2m_min;0,02350397
CZ;ILI;1;lag_value_1;0,7053204
CZ;ILI;1;lag_temp_max_1;0,027595708
CZ;ILI;1;lag_temp_max_2;0,04287714
CZ;ILI;1;lag_value_3;0,026835803
CZ;ILI;1;lag_temp_min_3;0,035870858
CZ;ILI;1;lag_value_4;0,08264616
CZ;ILI;1;month_sin;0,0020031775
CZ;ILI;1;week_sin;0,025571486
CZ;ILI;1;week_cos;0,0058913464
CZ;ILI;2;temperature_2m_max;0,063202456
CZ;ILI;2;temperature_2m_min;0,06949424
CZ;ILI;2;lag_value_1;0,44406644
CZ;ILI;2;lag_temp_max_1;0,072753645
CZ;ILI;2;lag_temp_max_2;0,030108863
CZ;ILI;2;lag_value_3;0,024248479
CZ;ILI;2;lag_temp_min_3;0,037280288
CZ;ILI;2;lag_value_4;0,18759218
CZ;ILI;2;month_sin;0,020610545
CZ;ILI;2;week_sin;0,030616296
CZ;ILI;2;week_cos;0,020026637
CZ;ILI;3;temperature_2m_max;0,14318465
CZ;ILI;3;temperature_2m_min;0,04280686
CZ;ILI;3;lag_value_1;0,2687625
CZ;ILI;3;lag_temp_max_1;0,05145576
CZ;ILI;3;lag_temp_max_2;0,040756665
CZ;ILI;3;lag_value_3;0,04404392
CZ;ILI;3;lag_temp_min_3;0,030352395
CZ;ILI;3;lag_value_4;0,21626072
CZ;ILI;3;month_sin;0,08117743
CZ;ILI;3;week_sin;0,030514788
CZ;ILI;3;week_cos;0,05068429
CZ;ILI;4;temperature_2m_max;0,079210125
CZ;ILI;4;temperature_2m_min;0,024130682
CZ;ILI;4;lag_value_1;0,12590615
CZ;ILI;4;lag_temp_max_1;0,17003457
CZ;ILI;4;lag_temp_max_2;0,112472475
CZ;ILI;4;lag_value_3;0,07403774
CZ;ILI;4;lag_temp_min_3;0,03247747
CZ;ILI;4;lag_value_4;0,15494123
CZ;ILI;4;month_sin;0,15582205
CZ;ILI;4;week_sin;0,032970823
CZ;ILI;4;week_cos;0,03799679
DE;ARI;1;year;0,02206202
DE;ARI;1;lag_value_1;0,6644962
DE;ARI;1;lag_value_3;0,03248771
DE;ARI;1;lag_value_4;0,032719694
DE;ARI;1;month_sin;0,0359436
DE;ARI;1;month_cos;0,108171806
DE;ARI;1;week_sin;0,024342632
DE;ARI;1;week_cos;0,07977635
DE;ARI;2;year;0,032056876
DE;ARI;2;lag_value_1;0,44106653
DE;ARI;2;lag_value_3;0,056436095
DE;ARI;2;lag_value_4;0,061890002
DE;ARI;2;month_sin;0,04579278
DE;ARI;2;month_cos;0,19545153
DE;ARI;2;week_sin;0,06654817
DE;ARI;2;week_cos;0,10075798
DE;ARI;3;year;0,041666124
DE;ARI;3;lag_value_1;0,20737006
DE;ARI;3;lag_value_3;0,05038419
DE;ARI;3;lag_value_4;0,034579087
DE;ARI;3;month_sin;0,054093312
DE;ARI;3;month_cos;0,47390306
DE;ARI;3;week_sin;0,07628292
DE;ARI;3;week_cos;0,061721288
DE;ARI;4;year;0,060888458
DE;ARI;4;lag_value_1;0,06400465
DE;ARI;4;lag_value_3;0,030380562
DE;ARI;4;lag_value_4;0,029284654
DE;ARI;4;month_sin;0,08796201
DE;ARI;4;month_cos;0,5800413
DE;ARI;4;week_sin;0,06903631
DE;ARI;4;week_cos;0,078402095
DK;ILI;1;temperature_2m_min;0,019969277
DK;ILI;1;covid;0,02183877
DK;ILI;1;year;0,013171617
DK;ILI;1;lag_value_1;0,48280928
DK;ILI;1;lag_humidity_1;0,033283323
DK;ILI;1;lag_temp_min_1;0,020861378
DK;ILI;1;lag_value_2;0,11177319
DK;ILI;1;lag_temp_max_2;0,0321595
DK;ILI;1;lag_temp_min_2;0,036914423
DK;ILI;1;lag_value_3;0,01703235
DK;ILI;1;lag_temp_min_3;0,048154447
DK;ILI;1;lag_value_4;0,016191281
DK;ILI;1;month_sin;0,010131522
DK;ILI;1;month_cos;0,04671374
DK;ILI;1;week_sin;0,054029107
DK;ILI;1;week_cos;0,03496672
DK;ILI;2;temperature_2m_min;0,027323218
DK;ILI;2;covid;0,0484602
DK;ILI;2;year;0,018877087
DK;ILI;2;lag_value_1;0,3511881
DK;ILI;2;lag_humidity_1;0,019927839
DK;ILI;2;lag_temp_min_1;0,037265226
DK;ILI;2;lag_value_2;0,03462702
DK;ILI;2;lag_temp_max_2;0,03670082
DK;ILI;2;lag_temp_min_2;0,063354395
DK;ILI;2;lag_value_3;0,01979748
DK;ILI;2;lag_temp_min_3;0,117946215
DK;ILI;2;lag_value_4;0,038778502
DK;ILI;2;month_sin;0,080555566
DK;ILI;2;month_cos;0,030334257
DK;ILI;2;week_sin;0,04908439
DK;ILI;2;week_cos;0,025779735
DK;ILI;3;temperature_2m_min;0,024573276
DK;ILI;3;covid;0,04152373
DK;ILI;3;year;0,020418035
DK;ILI;3;lag_value_1;0,28057548
DK;ILI;3;lag_humidity_1;0,021791622
DK;ILI;3;lag_temp_min_1;0,02918228
DK;ILI;3;lag_value_2;0,053785753
DK;ILI;3;lag_temp_max_2;0,04462641
DK;ILI;3;lag_temp_min_2;0,054395523
DK;ILI;3;lag_value_3;0,041822065
DK;ILI;3;lag_temp_min_3;0,097145125
DK;ILI;3;lag_value_4;0,0359682
DK;ILI;3;month_sin;0,12322576
DK;ILI;3;month_cos;0,0356118
DK;ILI;3;week_sin;0,05434004
DK;ILI;3;week_cos;0,041014917
DK;ILI;4;temperature_2m_min;0,02000703
DK;ILI;4;covid;0,051645476
DK;ILI;4;year;0,025743319
DK;ILI;4;lag_value_1;0,21390134
DK;ILI;4;lag_humidity_1;0,018629454
DK;ILI;4;lag_temp_min_1;0,041958056
DK;ILI;4;lag_value_2;0,043909807
DK;ILI;4;lag_temp_max_2;0,05073454
DK;ILI;4;lag_temp_min_2;0,1094454
DK;ILI;4;lag_value_3;0,042792425
DK;ILI;4;lag_temp_min_3;0,065050304
DK;ILI;4;lag_value_4;0,047690216
DK;ILI;4;month_sin;0,14286666
DK;ILI;4;month_cos;0,048747696
DK;ILI;4;week_sin;0,041832995
DK;ILI;4;week_cos;0,035045303
EE;ARI;1;year;0,03905885
EE;ARI;1;lag_value_1;0,6016054
EE;ARI;1;lag_temp_max_3;0,09119925
EE;ARI;1;lag_value_4;0,03862619
EE;ARI;1;month_sin;0,02241038
EE;ARI;1;month_cos;0,047166996
EE;ARI;1;week_sin;0,026156968
EE;ARI;1;week_cos;0,13377601
EE;ARI;2;year;0,043759633
EE;ARI;2;lag_value_1;0,31593916
EE;ARI;2;lag_temp_max_3;0,087430626
EE;ARI;2;lag_value_4;0,042590503
EE;ARI;2;month_sin;0,024386792
EE;ARI;2;month_cos;0,15024656
EE;ARI;2;week_sin;0,029264497
EE;ARI;2;week_cos;0,30638224
EE;ARI;3;year;0,04478968
EE;ARI;3;lag_value_1;0,1424834
EE;ARI;3;lag_temp_max_3;0,052820895
EE;ARI;3;lag_value_4;0,057097256
EE;ARI;3;month_sin;0,022439854
EE;ARI;3;month_cos;0,40008694
EE;ARI;3;week_sin;0,040946346
EE;ARI;3;week_cos;0,23933567
EE;ARI;4;year;0,053028807
EE;ARI;4;lag_value_1;0,08889487
EE;ARI;4;lag_temp_max_3;0,042484198
EE;ARI;4;lag_value_4;0,07564452
EE;ARI;4;month_sin;0,066327855
EE;ARI;4;month_cos;0,50724185
EE;ARI;4;week_sin;0,047096174
EE;ARI;4;week_cos;0,119281724
EE;ILI;1;temperature_2m_max;0,02314347
EE;ILI;1;covid;0,007705259
EE;ILI;1;year;0,021053929
EE;ILI;1;lag_value_1;0,59581935
EE;ILI;1;lag_temp_max_1;0,030293992
EE;ILI;1;lag_value_2;0,12811634
EE;ILI;1;lag_temp_min_2;0,027085384
EE;ILI;1;lag_value_3;0,026060568
EE;ILI;1;month_sin;0,023615954
EE;ILI;1;month_cos;0,03541546
EE;ILI;1;week_sin;0,032507107
EE;ILI;1;week_cos;0,049183182
EE;ILI;2;temperature_2m_max;0,03464549
EE;ILI;2;covid;0,014840787
EE;ILI;2;year;0,039204277
EE;ILI;2;lag_value_1;0,4447385
EE;ILI;2;lag_temp_max_1;0,033628304
EE;ILI;2;lag_value_2;0,090348534
EE;ILI;2;lag_temp_min_2;0,026459668
EE;ILI;2;lag_value_3;0,028650522
EE;ILI;2;month_sin;0,01630978
EE;ILI;2;month_cos;0,07555202
EE;ILI;2;week_sin;0,0452813
EE;ILI;2;week_cos;0,1503408
EE;ILI;3;temperature_2m_max;0,030269515
EE;ILI;3;covid;0,036294524
EE;ILI;3;year;0,059603557
EE;ILI;3;lag_value_1;0,3702626
EE;ILI;3;lag_temp_max_1;0,07292504
EE;ILI;3;lag_value_2;0,06655816
EE;ILI;3;lag_temp_min_2;0,026228558
EE;ILI;3;lag_value_3;0,019823654
EE;ILI;3;month_sin;0,01960486
EE;ILI;3;month_cos;0,12703206
EE;ILI;3;week_sin;0,07113664
EE;ILI;3;week_cos;0,100260936
EE;ILI;4;temperature_2m_max;0,11475363
EE;ILI;4;covid;0,036352083
EE;ILI;4;year;0,07808208
EE;ILI;4;lag_value_1;0,3340801
EE;ILI;4;lag_temp_max_1;0,041666377
EE;ILI;4;lag_value_2;0,029419472
EE;ILI;4;lag_temp_min_2;0,026520219
EE;ILI;4;lag_value_3;0,017335732
EE;ILI;4;month_sin;0,04432649
EE;ILI;4;month_cos;0,13795093
EE;ILI;4;week_sin;0,08767736
EE;ILI;4;week_cos;0,051835567
ES;ARI;1;temperature_2m_max;0,027412064
ES;ARI;1;year;0,021684326
ES;ARI;1;lag_value_1;0,43952128
ES;ARI;1;lag_humidity_1;0,07237076
ES;ARI;1;lag_temp_max_1;0,05692558
ES;ARI;1;lag_temp_min_2;0,026212728
ES;ARI;1;lag_humidity_3;0,17833956
ES;ARI;1;lag_humidity_4;0,049894437
ES;ARI;1;lag_temp_min_4;0,04714982
ES;ARI;1;month_sin;0,013929561
ES;ARI;1;week_cos;0,06655985
ES;ARI;2;temperature_2m_max;0,07018593
ES;ARI;2;year;0,016657492
ES;ARI;2;lag_value_1;0,19108443
ES;ARI;2;lag_humidity_1;0,02477975
ES;ARI;2;lag_temp_max_1;0,042070374
ES;ARI;2;lag_temp_min_2;0,022858638
ES;ARI;2;lag_humidity_3;0,2049229
ES;ARI;2;lag_humidity_4;0,071169525
ES;ARI;2;lag_temp_min_4;0,096275784
ES;ARI;2;month_sin;0,025019545
ES;ARI;2;week_cos;0,23497562
ES;ARI;3;temperature_2m_max;0,08848591
ES;ARI;3;year;0,025361108
ES;ARI;3;lag_value_1;0,12821192
ES;ARI;3;lag_humidity_1;0,027066816
ES;ARI;3;lag_temp_max_1;0,08544885
ES;ARI;3;lag_temp_min_2;0,020342242
ES;ARI;3;lag_humidity_3;0,07511139
ES;ARI;3;lag_humidity_4;0,17511982
ES;ARI;3;lag_temp_min_4;0,019203288
ES;ARI;3;month_sin;0,018183133
ES;ARI;3;week_cos;0,33746547
ES;ARI;4;temperature_2m_max;0,08833383
ES;ARI;4;year;0,051953103
ES;ARI;4;lag_value_1;0,03150129
ES;ARI;4;lag_humidity_1;0,12831502
ES;ARI;4;lag_temp_max_1;0,096660905
ES;ARI;4;lag_temp_min_2;0,026443444
ES;ARI;4;lag_humidity_3;0,16082267
ES;ARI;4;lag_humidity_4;0,11978021
ES;ARI;4;lag_temp_min_4;0,084202334
ES;ARI;4;month_sin;0,01917847
ES;ARI;4;week_cos;0,1928087
FR;ARI;1;temperature_2m_max;0,012182099
FR;ARI;1;year;0,05947536
FR;ARI;1;lag_value_1;0,3708256
FR;ARI;1;lag_temp_max_1;0,16865182
FR;ARI;1;lag_value_2;0,028304478
FR;ARI;1;lag_value_3;0,052721158
FR;ARI;1;lag_temp_max_3;0,025389094
FR;ARI;1;lag_temp_min_3;0,029924095
FR;ARI;1;lag_value_4;0,056386076
FR;ARI;1;lag_humidity_4;0,015970001
FR;ARI;1;lag_temp_max_4;0,056661375
FR;ARI;1;lag_temp_min_4;0,01930835
FR;ARI;1;month_sin;0,053845126
FR;ARI;1;month_cos;0,03112926
FR;ARI;1;week_sin;0,019226134
FR;ARI;2;temperature_2m_max;0,048533686
FR;ARI;2;year;0,05037997
FR;ARI;2;lag_value_1;0,2164707
FR;ARI;2;lag_temp_max_1;0,10767641
FR;ARI;2;lag_value_2;0,034023724
FR;ARI;2;lag_value_3;0,08285991
FR;ARI;2;lag_temp_max_3;0,09057188
FR;ARI;2;lag_temp_min_3;0,046870463
FR;ARI;2;lag_value_4;0,08889552
FR;ARI;2;lag_humidity_4;0,028250104
FR;ARI;2;lag_temp_max_4;0,03389597
FR;ARI;2;lag_temp_min_4;0,046689328
FR;ARI;2;month_sin;0,063966244
FR;ARI;2;month_cos;0,04037689
FR;ARI;2;week_sin;0,020539066
FR;ARI;3;temperature_2m_max;0,049858652
FR;ARI;3;year;0,067229286
FR;ARI;3;lag_value_1;0,18062957
FR;ARI;3;lag_temp_max_1;0,05530685
FR;ARI;3;lag_value_2;0,06010698
FR;ARI;3;lag_value_3;0,061554622
FR;ARI;3;lag_temp_max_3;0,06498776
FR;ARI;3;lag_temp_min_3;0,06888995
FR;ARI;3;lag_value_4;0,10243847
FR;ARI;3;lag_humidity_4;0,017447125
FR;ARI;3;lag_temp_max_4;0,044271342
FR;ARI;3;lag_temp_min_4;0,06489167
FR;ARI;3;month_sin;0,05686653
FR;ARI;3;month_cos;0,06980816
FR;ARI;3;week_sin;0,035713095
FR;ARI;4;temperature_2m_max;0,047056943
FR;ARI;4;year;0,11589105
FR;ARI;4;lag_value_1;0,10733669
FR;ARI;4;lag_temp_max_1;0,014168691
FR;ARI;4;lag_value_2;0,124306045
FR;ARI;4;lag_value_3;0,059674885
FR;ARI;4;lag_temp_max_3;0,07303956
FR;ARI;4;lag_temp_min_3;0,030969158
FR;ARI;4;lag_value_4;0,038047396
FR;ARI;4;lag_humidity_4;0,050771914
FR;ARI;4;lag_temp_max_4;0,09298393
FR;ARI;4;lag_temp_min_4;0,028065931
FR;ARI;4;month_sin;0,042740077
FR;ARI;4;month_cos;0,14053708
FR;ARI;4;week_sin;0,03441065
FR;ILI;1;temperature_2m_max;0,058439218
FR;ILI;1;covid;0,096881665
FR;ILI;1;year;0,0855604
FR;ILI;1;lag_value_1;0,3250653
FR;ILI;1;lag_temp_max_1;0,14040488
FR;ILI;1;lag_value_3;0,1128095
FR;ILI;1;lag_value_4;0,05632792
FR;ILI;1;lag_temp_max_4;0,018256146
FR;ILI;1;month_sin;0,03668127
FR;ILI;1;week_cos;0,0695738
FR;ILI;2;temperature_2m_max;0,112282455
FR;ILI;2;covid;0,073367834
FR;ILI;2;year;0,08902231
FR;ILI;2;lag_value_1;0,29295817
FR;ILI;2;lag_temp_max_1;0,14787361
FR;ILI;2;lag_value_3;0,071478285
FR;ILI;2;lag_value_4;0,08412675
FR;ILI;2;lag_temp_max_4;0,05255808
FR;ILI;2;month_sin;0,01703237
FR;ILI;2;week_cos;0,05930009
FR;ILI;3;temperature_2m_max;0,16352737
FR;ILI;3;covid;0,14790316
FR;ILI;3;year;0,092597194
FR;ILI;3;lag_value_1;0,20279175
FR;ILI;3;lag_temp_max_1;0,09261424
FR;ILI;3;lag_value_3;0,079908796
FR;ILI;3;lag_value_4;0,088465095
FR;ILI;3;lag_temp_max_4;0,041710827
FR;ILI;3;month_sin;0,022726879
FR;ILI;3;week_cos;0,06775464
FR;ILI;4;temperature_2m_max;0,14966424
FR;ILI;4;covid;0,18842456
FR;ILI;4;year;0,10718025
FR;ILI;4;lag_value_1;0,12967092
FR;ILI;4;lag_temp_max_1;0,06857426
FR;ILI;4;lag_value_3;0,07347763
FR;ILI;4;lag_value_4;0,09921546
FR;ILI;4;lag_temp_max_4;0,02812496
FR;ILI;4;month_sin;0,023571525
FR;ILI;4;week_cos;0,13209619
GR;ILI;1;temperature_2m_min;0,020569976
GR;ILI;1;covid;0,008387719
GR;ILI;1;year;0,019337274
GR;ILI;1;lag_value_1;0,7072168
GR;ILI;1;lag_temp_max_1;0,026033023
GR;ILI;1;lag_temp_min_1;0,020075561
GR;ILI;1;lag_value_2;0,049001217
GR;ILI;1;month_sin;0,030807571
GR;ILI;1;month_cos;0,02061928
GR;ILI;1;week_sin;0,044011865
GR;ILI;1;week_cos;0,05393975
GR;ILI;2;temperature_2m_min;0,040291127
GR;ILI;2;covid;0,024543282
GR;ILI;2;year;0,043739144
GR;ILI;2;lag_value_1;0,51465845
GR;ILI;2;lag_temp_max_1;0,029224902
GR;ILI;2;lag_temp_min_1;0,033131223
GR;ILI;2;lag_value_2;0,02728575
GR;ILI;2;month_sin;0,035273068
GR;ILI;2;month_cos;0,064715765
GR;ILI;2;week_sin;0,061173867
GR;ILI;2;week_cos;0,12596342
GR;ILI;3;temperature_2m_min;0,046148524
GR;ILI;3;covid;0,03168835
GR;ILI;3;year;0,04342122
GR;ILI;3;lag_value_1;0,33998054
GR;ILI;3;lag_temp_max_1;0,02319166
GR;ILI;3;lag_temp_min_1;0,0249652
GR;ILI;3;lag_value_2;0,030827766
GR;ILI;3;month_sin;0,04136852
GR;ILI;3;month_cos;0,28703827
GR;ILI;3;week_sin;0,05811909
GR;ILI;3;week_cos;0,073250905
GR;ILI;4;temperature_2m_min;0,04496983
GR;ILI;4;covid;0,070151545
GR;ILI;4;year;0,042217858
GR;ILI;4;lag_value_1;0,28363374
GR;ILI;4;lag_temp_max_1;0,037226856
GR;ILI;4;lag_temp_min_1;0,04134673
GR;ILI;4;lag_value_2;0,024805654
GR;ILI;4;month_sin;0,041850768
GR;ILI;4;month_cos;0,2192289
GR;ILI;4;week_sin;0,10214301
GR;ILI;4;week_cos;0,09242507
HR;ILI;1;covid;0,00989788
HR;ILI;1;lag_value_1;0,5933637
HR;ILI;1;lag_temp_max_1;0,008391391
HR;ILI;1;lag_temp_max_2;0,022941004
HR;ILI;1;lag_temp_min_2;0,013504596
HR;ILI;1;lag_value_3;0,0238884
HR;ILI;1;lag_temp_max_3;0,0058529116
HR;ILI;1;lag_value_4;0,088855065
HR;ILI;1;lag_humidity_4;0,008564512
HR;ILI;1;lag_temp_max_4;0,0076894886
HR;ILI;1;month_sin;0,039697282
HR;ILI;1;month_cos;0,09075
HR;ILI;1;week_sin;0,08356699
HR;ILI;1;week_cos;0,0030368194
HR;ILI;2;covid;0,019360509
HR;ILI;2;lag_value_1;0,27991328
HR;ILI;2;lag_temp_max_1;0,014458128
HR;ILI;2;lag_temp_max_2;0,014823645
HR;ILI;2;lag_temp_min_2;0,010193591
HR;ILI;2;lag_value_3;0,043319695
HR;ILI;2;lag_temp_max_3;0,012663023
HR;ILI;2;lag_value_4;0,12166541
HR;ILI;2;lag_humidity_4;0,019976133
HR;ILI;2;lag_temp_max_4;0,0048385146
HR;ILI;2;month_sin;0,18866491
HR;ILI;2;month_cos;0,16389611
HR;ILI;2;week_sin;0,10204154
HR;ILI;2;week_cos;0,004185554
HR;ILI;3;covid;0,035924852
HR;ILI;3;lag_value_1;0,14020519
HR;ILI;3;lag_temp_max_1;0,0243321
HR;ILI;3;lag_temp_max_2;0,032213543
HR;ILI;3;lag_temp_min_2;0,02316508
HR;ILI;3;lag_value_3;0,04250931
HR;ILI;3;lag_temp_max_3;0,015743477
HR;ILI;3;lag_value_4;0,12846676
HR;ILI;3;lag_humidity_4;0,018507378
HR;ILI;3;lag_temp_max_4;0,010027791
HR;ILI;3;month_sin;0,051377688
HR;ILI;3;month_cos;0,42974234
HR;ILI;3;week_sin;0,030413017
HR;ILI;3;week_cos;0,017371457
HR;ILI;4;covid;0,05503394
HR;ILI;4;lag_value_1;0,09890011
HR;ILI;4;lag_temp_max_1;0,10633238
HR;ILI;4;lag_temp_max_2;0,109063044
HR;ILI;4;lag_temp_min_2;0,01825365
HR;ILI;4;lag_value_3;0,1338232
HR;ILI;4;lag_temp_max_3;0,05327408
HR;ILI;4;lag_value_4;0,16840218
HR;ILI;4;lag_humidity_4;0,030319506
HR;ILI;4;lag_temp_max_4;0,03595184
HR;ILI;4;month_sin;0,029825354
HR;ILI;4;month_cos;0,022868484
HR;ILI;4;week_sin;0,09789327
HR;ILI;4;week_cos;0,04005898
HU;ARI;1;lag_value_1;0,26275855
HU;ARI;1;lag_temp_min_1;0,12815018
HU;ARI;1;lag_humidity_2;0,086626075
HU;ARI;1;lag_temp_max_2;0,12946245
HU;ARI;1;lag_temp_min_2;0,011674696
HU;ARI;1;lag_value_3;0,037988536
HU;ARI;1;lag_temp_max_3;0,007401827
HU;ARI;1;lag_value_4;0,100166164
HU;ARI;1;lag_humidity_4;0,032391265
HU;ARI;1;lag_temp_max_4;0,022683376
HU;ARI;1;month_cos;0,08642475
HU;ARI;1;week_cos;0,09427209
HU;ARI;2;lag_value_1;0,035594974
HU;ARI;2;lag_temp_min_1;0,026371086
HU;ARI;2;lag_humidity_2;0,0084067695
HU;ARI;2;lag_temp_max_2;0,021416467
HU;ARI;2;lag_temp_min_2;0,03197051
HU;ARI;2;lag_value_3;0,0061323736
HU;ARI;2;lag_temp_max_3;0,08471008
HU;ARI;2;lag_value_4;0,032498427
HU;ARI;2;lag_humidity_4;0,016440539
HU;ARI;2;lag_temp_max_4;0,010841361
HU;ARI;2;month_cos;0,5953145
HU;ARI;2;week_cos;0,13030295
HU;ARI;3;lag_value_1;0,013457946
HU;ARI;3;lag_temp_min_1;0,02104863
HU;ARI;3;lag_humidity_2;0,030410662
HU;ARI;3;lag_temp_max_2;0,08279315
HU;ARI;3;lag_temp_min_2;0,023836318
HU;ARI;3;lag_value_3;0,043175086
HU;ARI;3;lag_temp_max_3;0,03419511
HU;ARI;3;lag_value_4;0,027239246
HU;ARI;3;lag_humidity_4;0,13018541
HU;ARI;3;lag_temp_max_4;0,0305984
HU;ARI;3;month_cos;0,2602325
HU;ARI;3;week_cos;0,3028275
HU;ARI;4;lag_value_1;0,045949854
HU;ARI;4;lag_temp_min_1;0,05009035
HU;ARI;4;lag_humidity_2;0,054878976
HU;ARI;4;lag_temp_max_2;0,010352421
HU;ARI;4;lag_temp_min_2;0,0131192235
HU;ARI;4;lag_value_3;0,08665238
HU;ARI;4;lag_temp_max_3;0,024518237
HU;ARI;4;lag_value_4;0,039193343
HU;ARI;4;lag_humidity_4;0,22044767
HU;ARI;4;lag_temp_max_4;0,049896162
HU;ARI;4;month_cos;0,11963782
HU;ARI;4;week_cos;0,2852636
HU;ILI;1;temperature_2m_max;0,0724589
HU;ILI;1;covid;0,013095882
HU;ILI;1;year;0,012006079
HU;ILI;1;lag_value_1;0,6813338
HU;ILI;1;lag_temp_max_1;0,014871564
HU;ILI;1;lag_value_2;0,013097858
HU;ILI;1;lag_temp_max_2;0,014540168
HU;ILI;1;lag_value_3;0,042592153
HU;ILI;1;lag_temp_max_3;0,011217017
HU;ILI;1;lag_value_4;0,060461715
HU;ILI;1;month_sin;0,013094359
HU;ILI;1;month_cos;0,031067815
HU;ILI;1;week_sin;0,014610681
HU;ILI;1;week_cos;0,0055519994
HU;ILI;2;temperature_2m_max;0,0909215
HU;ILI;2;covid;0,05336511
HU;ILI;2;year;0,03378093
HU;ILI;2;lag_value_1;0,37303016
HU;ILI;2;lag_temp_max_1;0,040456347
HU;ILI;2;lag_value_2;0,008676928
HU;ILI;2;lag_temp_max_2;0,058967493
HU;ILI;2;lag_value_3;0,05539725
HU;ILI;2;lag_temp_max_3;0,049457256
HU;ILI;2;lag_value_4;0,124036066
HU;ILI;2;month_sin;0,027401285
HU;ILI;2;month_cos;0,03519871
HU;ILI;2;week_sin;0,041485872
HU;ILI;2;week_cos;0,007825051
HU;ILI;3;temperature_2m_max;0,06886012
HU;ILI;3;covid;0,02806512
HU;ILI;3;year;0,046360206
HU;ILI;3;lag_value_1;0,16017358
HU;ILI;3;lag_temp_max_1;0,07227417
HU;ILI;3;lag_value_2;0,021991486
HU;ILI;3;lag_temp_max_2;0,06407634
HU;ILI;3;lag_value_3;0,05984181
HU;ILI;3;lag_temp_max_3;0,079200424
HU;ILI;3;lag_value_4;0,12978213
HU;ILI;3;month_sin;0,082255505
HU;ILI;3;month_cos;0,048889123
HU;ILI;3;week_sin;0,091845624
HU;ILI;3;week_cos;0,0463845
HU;ILI;4;temperature_2m_max;0,060007714
HU;ILI;4;covid;0,0305282
HU;ILI;4;year;0,05639085
HU;ILI;4;lag_value_1;0,053582482
HU;ILI;4;lag_temp_max_1;0,07317986
HU;ILI;4;lag_value_2;0,080492035
HU;ILI;4;lag_temp_max_2;0,09086132
HU;ILI;4;lag_value_3;0,087864876
HU;ILI;4;lag_temp_max_3;0,07944438
HU;ILI;4;lag_value_4;0,03199974
HU;ILI;4;month_sin;0,22264326
HU;ILI;4;month_cos;0,009884333
HU;ILI;4;week_sin;0,072643094
HU;ILI;4;week_cos;0,050477903
IE;ILI;1;relative_humidity_2m;0,045472365
IE;ILI;1;temperature_2m_max;0,027044307
IE;ILI;1;temperature_2m_min;0,05167301
IE;ILI;1;covid;0,011713882
IE;ILI;1;year;0,04398105
IE;ILI;1;lag_value_1;0,30654907
IE;ILI;1;lag_temp_max_1;0,0303664
IE;ILI;1;lag_value_2;0,047595393
IE;ILI;1;lag_humidity_2;0,033650152
IE;ILI;1;lag_temp_max_2;0,035259742
IE;ILI;1;lag_temp_min_2;0,045919184
IE;ILI;1;lag_value_3;0,056784276
IE;ILI;1;lag_temp_min_3;0,0444828
IE;ILI;1;lag_value_4;0,06857668
IE;ILI;1;lag_humidity_4;0,044052906
IE;ILI;1;month_cos;0,020596428
IE;ILI;1;week_sin;0,032138284
IE;ILI;1;week_cos;0,054144025
IE;ILI;2;relative_humidity_2m;0,062020265
IE;ILI;2;temperature_2m_max;0,03541797
IE;ILI;2;temperature_2m_min;0,040343206
IE;ILI;2;covid;0,008866125
IE;ILI;2;year;0,032614328
IE;ILI;2;lag_value_1;0,1834953
IE;ILI;2;lag_temp_max_1;0,0416467
IE;ILI;2;lag_value_2;0,054015968
IE;ILI;2;lag_humidity_2;0,027025124
IE;ILI;2;lag_temp_max_2;0,10587177
IE;ILI;2;lag_temp_min_2;0,054338295
IE;ILI;2;lag_value_3;0,06048691
IE;ILI;2;lag_temp_min_3;0,02141106
IE;ILI;2;lag_value_4;0,07278007
IE;ILI;2;lag_humidity_4;0,05503871
IE;ILI;2;month_cos;0,024014844
IE;ILI;2;week_sin;0,02503188
IE;ILI;2;week_cos;0,09558151
IE;ILI;3;relative_humidity_2m;0,028419666
IE;ILI;3;temperature_2m_max;0,033597156
IE;ILI;3;temperature_2m_min;0,02500953
IE;ILI;3;covid;0,012232881
IE;ILI;3;year;0,039946098
IE;ILI;3;lag_value_1;0,0805829
IE;ILI;3;lag_temp_max_1;0,08705433
IE;ILI;3;lag_value_2;0,05499029
IE;ILI;3;lag_humidity_2;0,037192415
IE;ILI;3;lag_temp_max_2;0,07215649
IE;ILI;3;lag_temp_min_2;0,014492359
IE;ILI;3;lag_value_3;0,0565525
IE;ILI;3;lag_temp_min_3;0,05708085
IE;ILI;3;lag_value_4;0,090764284
IE;ILI;3;lag_humidity_4;0,04105621
IE;ILI;3;month_cos;0,060989372
IE;ILI;3;week_sin;0,012134486
IE;ILI;3;week_cos;0,19574815
IE;ILI;4;relative_humidity_2m;0,02534823
IE;ILI;4;temperature_2m_max;0,061709654
IE;ILI;4;temperature_2m_min;0,08526841
IE;ILI;4;covid;0,014032177
IE;ILI;4;year;0,032037225
IE;ILI;4;lag_value_1;0,034970038
IE;ILI;4;lag_temp_max_1;0,052677307
IE;ILI;4;lag_value_2;0,035092764
IE;ILI;4;lag_humidity_2;0,045739394
IE;ILI;4;lag_temp_max_2;0,061025344
IE;ILI;4;lag_temp_min_2;0,056409776
IE;ILI;4;lag_value_3;0,092400886
IE;ILI;4;lag_temp_min_3;0,05618438
IE;ILI;4;lag_value_4;0,06370595
IE;ILI;4;lag_humidity_4;0,01627227
IE;ILI;4;month_cos;0,040446896
IE;ILI;4;week_sin;0,010771591
IE;ILI;4;week_cos;0,21590766
LT;ARI;1;temperature_2m_max;0,059417043
LT;ARI;1;covid;0,013855765
LT;ARI;1;lag_value_1;0,6779799
LT;ARI;1;lag_temp_max_1;0,035974268
LT;ARI;1;month_sin;0,04684163
LT;ARI;1;month_cos;0,07510044
LT;ARI;1;week_sin;0,047570795
LT;ARI;1;week_cos;0,043260142
LT;ARI;2;temperature_2m_max;0,090275556
LT;ARI;2;covid;0,024413312
LT;ARI;2;lag_value_1;0,38427702
LT;ARI;2;lag_temp_max_1;0,1397307
LT;ARI;2;month_sin;0,11214824
LT;ARI;2;month_cos;0,12991506
LT;ARI;2;week_sin;0,06510879
LT;ARI;2;week_cos;0,054131314
LT;ARI;3;temperature_2m_max;0,073443934
LT;ARI;3;covid;0,032392904
LT;ARI;3;lag_value_1;0,11358638
LT;ARI;3;lag_temp_max_1;0,037550937
LT;ARI;3;month_sin;0,1348484
LT;ARI;3;month_cos;0,56277245
LT;ARI;3;week_sin;0,02376528
LT;ARI;3;week_cos;0,02163977
LT;ARI;4;temperature_2m_max;0,052742742
LT;ARI;4;covid;0,039889414
LT;ARI;4;lag_value_1;0,056103725
LT;ARI;4;lag_temp_max_1;0,02593347
LT;ARI;4;month_sin;0,08874275
LT;ARI;4;month_cos;0,65442765
LT;ARI;4;week_sin;0,04279395
LT;ARI;4;week_cos;0,039366312
LT;ILI;1;temperature_2m_max;0,025887977
LT;ILI;1;year;0,019946024
LT;ILI;1;lag_value_1;0,6355547
LT;ILI;1;lag_humidity_1;0,10790285
LT;ILI;1;lag_temp_max_1;0,09618222
LT;ILI;1;lag_temp_max_2;0,028171964
LT;ILI;1;lag_value_3;0,02265882
LT;ILI;1;lag_humidity_3;0,0022824255
LT;ILI;1;lag_value_4;0,03275145
LT;ILI;1;lag_humidity_4;0,0041192197
LT;ILI;1;week_cos;0,02454243
LT;ILI;2;temperature_2m_max;0,04465174
LT;ILI;2;year;0,030515192
LT;ILI;2;lag_value_1;0,38915953
LT;ILI;2;lag_humidity_1;0,0021848253
LT;ILI;2;lag_temp_max_1;0,17634071
LT;ILI;2;lag_temp_max_2;0,027447855
LT;ILI;2;lag_value_3;0,018193206
LT;ILI;2;lag_humidity_3;0,015991135
LT;ILI;2;lag_value_4;0,2604962
LT;ILI;2;lag_humidity_4;0,00729448
LT;ILI;2;week_cos;0,027725225
LT;ILI;3;temperature_2m_max;0,03352168
LT;ILI;3;year;0,05871981
LT;ILI;3;lag_value_1;0,18465014
LT;ILI;3;lag_humidity_1;0,0091491975
LT;ILI;3;lag_temp_max_1;0,35759404
LT;ILI;3;lag_temp_max_2;0,017890835
LT;ILI;3;lag_value_3;0,028059743
LT;ILI;3;lag_humidity_3;0,010040913
LT;ILI;3;lag_value_4;0,17582068
LT;ILI;3;lag_humidity_4;0,05014123
LT;ILI;3;week_cos;0,07441173
LT;ILI;4;temperature_2m_max;0,23066586
LT;ILI;4;year;0,042960662
LT;ILI;4;lag_value_1;0,21347585
LT;ILI;4;lag_humidity_1;0,01942313
LT;ILI;4;lag_temp_max_1;0,07181299
LT;ILI;4;lag_temp_max_2;0,0265379
LT;ILI;4;lag_value_3;0,06004104
LT;ILI;4;lag_humidity_3;0,07713751
LT;ILI;4;lag_value_4;0,17813225
LT;ILI;4;lag_humidity_4;0,05912539
LT;ILI;4;week_cos;0,020687398
LU;ARI;1;covid;0,098519064
LU;ARI;1;year;0,14385074
LU;ARI;1;lag_value_1;0,13911195
LU;ARI;1;lag_temp_max_2;0,056602065
LU;ARI;1;lag_humidity_4;0,045840986
LU;ARI;1;month_cos;0,030525703
LU;ARI;1;week_sin;0,040743668
LU;ARI;1;week_cos;0,4448058
LU;ARI;2;covid;0,12876515
LU;ARI;2;year;0,11163724
LU;ARI;2;lag_value_1;0,07948793
LU;ARI;2;lag_temp_max_2;0,04338747
LU;ARI;2;lag_humidity_4;0,030018387
LU;ARI;2;month_cos;0,16650163
LU;ARI;2;week_sin;0,04569616
LU;ARI;2;week_cos;0,39450598
LU;ARI;3;covid;0,23315708
LU;ARI;3;year;0,14096437
LU;ARI;3;lag_value_1;0,038512167
LU;ARI;3;lag_temp_max_2;0,049851824
LU;ARI;3;lag_humidity_4;0,032597795
LU;ARI;3;month_cos;0,29172847
LU;ARI;3;week_sin;0,056897316
LU;ARI;3;week_cos;0,15629096
LU;ARI;4;covid;0,33027235
LU;ARI;4;year;0,14511515
LU;ARI;4;lag_value_1;0,04251911
LU;ARI;4;lag_temp_max_2;0,026409712
LU;ARI;4;lag_humidity_4;0,07983944
LU;ARI;4;month_cos;0,23020971
LU;ARI;4;week_sin;0,056733612
LU;ARI;4;week_cos;0,08890094
LU;ILI;1;temperature_2m_max;0,0833209
LU;ILI;1;temperature_2m_min;0,02445206
LU;ILI;1;covid;0,0
LU;ILI;1;year;0,017172765
LU;ILI;1;lag_value_1;0,2246308
LU;ILI;1;lag_humidity_1;0,0
LU;ILI;1;lag_temp_max_1;0,036572617
LU;ILI;1;lag_temp_min_1;0,0
LU;ILI;1;lag_value_2;0,12469551
LU;ILI;1;lag_humidity_2;0,0
LU;ILI;1;lag_temp_max_2;0,06747
LU;ILI;1;lag_temp_min_2;0,039584108
LU;ILI;1;lag_value_3;0,19709416
LU;ILI;1;lag_humidity_3;0,0
LU;ILI;1;lag_temp_max_3;0,039900076
LU;ILI;1;lag_temp_min_3;0,004017763
LU;ILI;1;lag_value_4;0,0
LU;ILI;1;lag_humidity_4;0,012178655
LU;ILI;1;lag_temp_max_4;0,029083045
LU;ILI;1;month_sin;0,0
LU;ILI;1;month_cos;0,0
LU;ILI;1;week_sin;0,027484747
LU;ILI;1;week_cos;0,072342806
LU;ILI;2;temperature_2m_max;0,024651855
LU;ILI;2;temperature_2m_min;0,018329993
LU;ILI;2;covid;0,017706739
LU;ILI;2;year;0,025458785
LU;ILI;2;lag_value_1;0,1966498
LU;ILI;2;lag_humidity_1;0,0
LU;ILI;2;lag_temp_max_1;0,05010961
LU;ILI;2;lag_temp_min_1;0,028841916
LU;ILI;2;lag_value_2;0,14816815
LU;ILI;2;lag_humidity_2;0,0
LU;ILI;2;lag_temp_max_2;0,044455945
LU;ILI;2;lag_temp_min_2;0,0044938526
LU;ILI;2;lag_value_3;0,16705939
LU;ILI;2;lag_humidity_3;0,009297691
LU;ILI;2;lag_temp_max_3;0,023403553
LU;ILI;2;lag_temp_min_3;0,031665802
LU;ILI;2;lag_value_4;0,033074312
LU;ILI;2;lag_humidity_4;0,0
LU;ILI;2;lag_temp_max_4;0,015881874
LU;ILI;2;month_sin;0,061886985
LU;ILI;2;month_cos;0,037599448
LU;ILI;2;week_sin;0,034976285
LU;ILI;2;week_cos;0,026288059
LU;ILI;3;temperature_2m_max;0,047770403
LU;ILI;3;temperature_2m_min;0,02781941
LU;ILI;3;covid;0,020105626
LU;ILI;3;year;0,036097538
LU;ILI;3;lag_value_1;0,1312656
LU;ILI;3;lag_humidity_1;0,0082277795
LU;ILI;3;lag_temp_max_1;0,059795406
LU;ILI;3;lag_temp_min_1;0,034462795
LU;ILI;3;lag_value_2;0,14113496
LU;ILI;3;lag_humidity_2;0,005873744
LU;ILI;3;lag_temp_max_2;0,048106506
LU;ILI;3;lag_temp_min_2;0,040050395
LU;ILI;3;lag_value_3;0,03653745
LU;ILI;3;lag_humidity_3;0,0005624507
LU;ILI;3;lag_temp_max_3;0,044623386
LU;ILI;3;lag_temp_min_3;0,029655037
LU;ILI;3;lag_value_4;0,024084622
LU;ILI;3;lag_humidity_4;0,030932901
LU;ILI;3;lag_temp_max_4;0,021470016
LU;ILI;3;month_sin;0,06315501
LU;ILI;3;month_cos;0,053218063
LU;ILI;3;week_sin;0,06492392
LU;ILI;3;week_cos;0,030126937
LU;ILI;4;temperature_2m_max;0,076414675
LU;ILI;4;temperature_2m_min;0,034477934
LU;ILI;4;covid;0,02168745
LU;ILI;4;year;0,040251657
LU;ILI;4;lag_value_1;0,12271091
LU;ILI;4;lag_humidity_1;0,004392644
LU;ILI;4;lag_temp_max_1;0,066262335
LU;ILI;4;lag_temp_min_1;0,01943851
LU;ILI;4;lag_value_2;0,042563934
LU;ILI;4;lag_humidity_2;0,06813783
LU;ILI;4;lag_temp_max_2;0,03457625
LU;ILI;4;lag_temp_min_2;0,009715633
LU;ILI;4;lag_value_3;0,04912718
LU;ILI;4;lag_humidity_3;0,022940896
LU;ILI;4;lag_temp_max_3;0,03491474
LU;ILI;4;lag_temp_min_3;0,03541347
LU;ILI;4;lag_value_4;0,022082482
LU;ILI;4;lag_humidity_4;0,057036437
LU;ILI;4;lag_temp_max_4;0,066226706
LU;ILI;4;month_sin;0,022443332
LU;ILI;4;month_cos;0,045933947
LU;ILI;4;week_sin;0,03601575
LU;ILI;4;week_cos;0,06723531
LV;ARI;1;temperature_2m_min;0,012015077
LV;ARI;1;covid;0,02227237
LV;ARI;1;year;0,071384296
LV;ARI;1;lag_value_1;0,29435435
LV;ARI;1;lag_humidity_1;0,016563717
LV;ARI;1;lag_temp_min_1;0,02351618
LV;ARI;1;lag_value_2;0,20251548
LV;ARI;1;lag_humidity_2;0,022197638
LV;ARI;1;lag_value_3;0,08568494
LV;ARI;1;lag_value_4;0,028424554
LV;ARI;1;lag_temp_max_4;0,015681868
LV;ARI;1;month_sin;0,042053793
LV;ARI;1;month_cos;0,068043806
LV;ARI;1;week_sin;0,05239136
LV;ARI;1;week_cos;0,042900573
LV;ARI;2;temperature_2m_min;0,015904097
LV;ARI;2;covid;0,040691897
LV;ARI;2;year;0,10105178
LV;ARI;2;lag_value_1;0,25064266
LV;ARI;2;lag_humidity_1;0,040523898
LV;ARI;2;lag_temp_min_1;0,042795897
LV;ARI;2;lag_value_2;0,15909535
LV;ARI;2;lag_humidity_2;0,023347888
LV;ARI;2;lag_value_3;0,07096198
LV;ARI;2;lag_value_4;0,03440891
LV;ARI;2;lag_temp_max_4;0,019775547
LV;ARI;2;month_sin;0,041623864
LV;ARI;2;month_cos;0,04024704
LV;ARI;2;week_sin;0,07150376
LV;ARI;2;week_cos;0,047425427
LV;ARI;3;temperature_2m_min;0,025764508
LV;ARI;3;covid;0,047147173
LV;ARI;3;year;0,20194608
LV;ARI;3;lag_value_1;0,2102331
LV;ARI;3;lag_humidity_1;0,047007542
LV;ARI;3;lag_temp_min_1;0,02985502
LV;ARI;3;lag_value_2;0,08019929
LV;ARI;3;lag_humidity_2;0,03607559
LV;ARI;3;lag_value_3;0,057312276
LV;ARI;3;lag_value_4;0,026412733
LV;ARI;3;lag_temp_max_4;0,017631736
LV;ARI;3;month_sin;0,05771022
LV;ARI;3;month_cos;0,045676123
LV;ARI;3;week_sin;0,07363503
LV;ARI;3;week_cos;0,04339355
LV;ARI;4;temperature_2m_min;0,020461226
LV;ARI;4;covid;0,036553014
LV;ARI;4;year;0,25572035
LV;ARI;4;lag_value_1;0,12266312
LV;ARI;4;lag_humidity_1;0,061310366
LV;ARI;4;lag_temp_min_1;0,02029197
LV;ARI;4;lag_value_2;0,053275015
LV;ARI;4;lag_humidity_2;0,025064329
LV;ARI;4;lag_value_3;0,053511526
LV;ARI;4;lag_value_4;0,03686306
LV;ARI;4;lag_temp_max_4;0,031362496
LV;ARI;4;month_sin;0,07585798
LV;ARI;4;month_cos;0,069937535
LV;ARI;4;week_sin;0,08977575
LV;ARI;4;week_cos;0,047352232
LV;ILI;1;temperature_2m_max;0,08886759
LV;ILI;1;temperature_2m_min;0,01474675
LV;ILI;1;covid;0,037530385
LV;ILI;1;lag_value_1;0,3262243
LV;ILI;1;lag_temp_max_1;0,05370221
LV;ILI;1;lag_temp_max_2;0,040739432
LV;ILI;1;lag_temp_min_2;0,02539056
LV;ILI;1;lag_value_3;0,044201795
LV;ILI;1;lag_value_4;0,030122261
LV;ILI;1;month_sin;0,039667282
LV;ILI;1;month_cos;0,13841468
LV;ILI;1;week_sin;0,13610928
LV;ILI;1;week_cos;0,024283541
LV;ILI;2;temperature_2m_max;0,046582025
LV;ILI;2;temperature_2m_min;0,013640161
LV;ILI;2;covid;0,05957812
LV;ILI;2;lag_value_1;0,19634579
LV;ILI;2;lag_temp_max_1;0,027048199
LV;ILI;2;lag_temp_max_2;0,08832521
LV;ILI;2;lag_temp_min_2;0,058843784
LV;ILI;2;lag_value_3;0,051151782
LV;ILI;2;lag_value_4;0,04506255
LV;ILI;2;month_sin;0,07532971
LV;ILI;2;month_cos;0,19241855
LV;ILI;2;week_sin;0,054226942
LV;ILI;2;week_cos;0,09144714
LV;ILI;3;temperature_2m_max;0,07030171
LV;ILI;3;temperature_2m_min;0,02002401
LV;ILI;3;covid;0,027260354
LV;ILI;3;lag_value_1;0,12761362
LV;ILI;3;lag_temp_max_1;0,0893235
LV;ILI;3;lag_temp_max_2;0,04513233
LV;ILI;3;lag_temp_min_2;0,062493842
LV;ILI;3;lag_value_3;0,026139788
LV;ILI;3;lag_value_4;0,057255663
LV;ILI;3;month_sin;0,10137414
LV;ILI;3;month_cos;0,22412355
LV;ILI;3;week_sin;0,03950705
LV;ILI;3;week_cos;0,109450385
LV;ILI;4;temperature_2m_max;0,09280269
LV;ILI;4;temperature_2m_min;0,052775
LV;ILI;4;covid;0,046472456
LV;ILI;4;lag_value_1;0,104751326
LV;ILI;4;lag_temp_max_1;0,1034377
LV;ILI;4;lag_temp_max_2;0,057581812
LV;ILI;4;lag_temp_min_2;0,06885241
LV;ILI;4;lag_value_3;0,052294787
LV;ILI;4;lag_value_4;0,05566997
LV;ILI;4;month_sin;0,08748807
LV;ILI;4;month_cos;0,105588645
LV;ILI;4;week_sin;0,117831536
LV;ILI;4;week_cos;0,05445369
MT;ILI;1;temperature_2m_min;0,03941538
MT;ILI;1;covid;0,035762906
MT;ILI;1;year;0,016516352
MT;ILI;1;lag_value_1;0,27036712
MT;ILI;1;lag_humidity_1;0,027445361
MT;ILI;1;lag_temp_max_1;0,02661797
MT;ILI;1;lag_value_2;0,07896849
MT;ILI;1;lag_humidity_2;0,03551102
MT;ILI;1;lag_temp_max_2;0,042934805
MT;ILI;1;lag_value_3;0,067577526
MT;ILI;1;lag_humidity_3;0,03507681
MT;ILI;1;lag_temp_min_3;0,031711597
MT;ILI;1;lag_value_4;0,029914532
MT;ILI;1;lag_humidity_4;0,04957069
MT;ILI;1;lag_temp_max_4;0,031048935
MT;ILI;1;lag_temp_min_4;0,03301006
MT;ILI;1;month_sin;0,047793243
MT;ILI;1;month_cos;0,033984713
MT;ILI;1;week_sin;0,030467333
MT;ILI;1;week_cos;0,036305226
MT;ILI;2;temperature_2m_min;0,03482465
MT;ILI;2;covid;0,028854948
MT;ILI;2;year;0,02692681
MT;ILI;2;lag_value_1;0,26266602
MT;ILI;2;lag_humidity_1;0,013845336
MT;ILI;2;lag_temp_max_1;0,034024157
MT;ILI;2;lag_value_2;0,057963908
MT;ILI;2;lag_humidity_2;0,03374786
MT;ILI;2;lag_temp_max_2;0,03553114
MT;ILI;2;lag_value_3;0,057897307
MT;ILI;2;lag_humidity_3;0,03417415
MT;ILI;2;lag_temp_min_3;0,03178465
MT;ILI;2;lag_value_4;0,033207346
MT;ILI;2;lag_humidity_4;0,024313651
MT;ILI;2;lag_temp_max_4;0,03185454
MT;ILI;2;lag_temp_min_4;0,04475197
MT;ILI;2;month_sin;0,07752919
MT;ILI;2;month_cos;0,047204442
MT;ILI;2;week_sin;0,039196
MT;ILI;2;week_cos;0,04970185
MT;ILI;3;temperature_2m_min;0,028029265
MT;ILI;3;covid;0,02364548
MT;ILI;3;year;0,020551704
MT;ILI;3;lag_value_1;0,1761526
MT;ILI;3;lag_humidity_1;0,028483361
MT;ILI;3;lag_temp_max_1;0,027817858
MT;ILI;3;lag_value_2;0,11964755
MT;ILI;3;lag_humidity_2;0,029851638
MT;ILI;3;lag_temp_max_2;0,02840029
MT;ILI;3;lag_value_3;0,029027387
MT;ILI;3;lag_humidity_3;0,021239273
MT;ILI;3;lag_temp_min_3;0,03744698
MT;ILI;3;lag_value_4;0,02543985
MT;ILI;3;lag_humidity_4;0,049715016
MT;ILI;3;lag_temp_max_4;0,03786198
MT;ILI;3;lag_temp_min_4;0,04648504
MT;ILI;3;month_sin;0,09284462
MT;ILI;3;month_cos;0,064089656
MT;ILI;3;week_sin;0,047516502
MT;ILI;3;week_cos;0,06575396
MT;ILI;4;temperature_2m_min;0,026334766
MT;ILI;4;covid;0,038966943
MT;ILI;4;year;0,0227426
MT;ILI;4;lag_value_1;0,18573132
MT;ILI;4;lag_humidity_1;0,024651427
MT;ILI;4;lag_temp_max_1;0,03945517
MT;ILI;4;lag_value_2;0,041352846
MT;ILI;4;lag_humidity_2;0,04911211
MT;ILI;4;lag_temp_max_2;0,044192743
MT;ILI;4;lag_value_3;0,039440546
MT;ILI;4;lag_humidity_3;0,030997444
MT;ILI;4;lag_temp_min_3;0,035943422
MT;ILI;4;lag_value_4;0,04520202
MT;ILI;4;lag_humidity_4;0,03551712
MT;ILI;4;lag_temp_max_4;0,051547226
MT;ILI;4;lag_temp_min_4;0,023283325
MT;ILI;4;month_sin;0,035436902
MT;ILI;4;month_cos;0,087266125
MT;ILI;4;week_sin;0,060351204
MT;ILI;4;week_cos;0,082474716
NL;ILI;1;temperature_2m_max;0,020700475
NL;ILI;1;covid;0,019769095
NL;ILI;1;year;0,02111688
NL;ILI;1;lag_value_1;0,70057344
NL;ILI;1;lag_temp_max_1;0,06691075
NL;ILI;1;lag_value_2;0,023727825
NL;ILI;1;lag_temp_max_2;0,020704761
NL;ILI;1;lag_temp_max_3;0,02702251
NL;ILI;1;month_sin;0,019686375
NL;ILI;1;month_cos;0,030177647
NL;ILI;1;week_sin;0,021295253
NL;ILI;1;week_cos;0,028314926
NL;ILI;2;temperature_2m_max;0,06904303
NL;ILI;2;covid;0,028150892
NL;ILI;2;year;0,021120444
NL;ILI;2;lag_value_1;0,4697051
NL;ILI;2;lag_temp_max_1;0,069525704
NL;ILI;2;lag_value_2;0,14764178
NL;ILI;2;lag_temp_max_2;0,026459172
NL;ILI;2;lag_temp_max_3;0,026231144
NL;ILI;2;month_sin;0,026572363
NL;ILI;2;month_cos;0,028235111
NL;ILI;2;week_sin;0,037550412
NL;ILI;2;week_cos;0,049764834
NL;ILI;3;temperature_2m_max;0,08382363
NL;ILI;3;covid;0,036850806
NL;ILI;3;year;0,02356318
NL;ILI;3;lag_value_1;0,4636393
NL;ILI;3;lag_temp_max_1;0,06556897
NL;ILI;3;lag_value_2;0,01752461
NL;ILI;3;lag_temp_max_2;0,045249134
NL;ILI;3;lag_temp_max_3;0,022706263
NL;ILI;3;month_sin;0,036096897
NL;ILI;3;month_cos;0,10360407
NL;ILI;3;week_sin;0,039956897
NL;ILI;3;week_cos;0,061416373
NL;ILI;4;temperature_2m_max;0,062827334
NL;ILI;4;covid;0,05392001
NL;ILI;4;year;0,045345627
NL;ILI;4;lag_value_1;0,35039082
NL;ILI;4;lag_temp_max_1;0,064255364
NL;ILI;4;lag_value_2;0,031759363
NL;ILI;4;lag_temp_max_2;0,018714063
NL;ILI;4;lag_temp_max_3;0,029396873
NL;ILI;4;month_sin;0,018452829
NL;ILI;4;month_cos;0,12750949
NL;ILI;4;week_sin;0,057058644
NL;ILI;4;week_cos;0,14036956
NO;ILI;1;covid;0,06493437
NO;ILI;1;year;0,021276062
NO;ILI;1;lag_value_1;0,66332954
NO;ILI;1;lag_temp_max_1;0,046633374
NO;ILI;1;lag_value_4;0,03846534
NO;ILI;1;month_sin;0,04191517
NO;ILI;1;month_cos;0,04592862
NO;ILI;1;week_sin;0,042691294
NO;ILI;1;week_cos;0,034826245
NO;ILI;2;covid;0,03085279
NO;ILI;2;year;0,056678586
NO;ILI;2;lag_value_1;0,47540057
NO;ILI;2;lag_temp_max_1;0,05413421
NO;ILI;2;lag_value_4;0,06548181
NO;ILI;2;month_sin;0,035316356
NO;ILI;2;month_cos;0,03402374
NO;ILI;2;week_sin;0,0898057
NO;ILI;2;week_cos;0,15830626
NO;ILI;3;covid;0,027591422
NO;ILI;3;year;0,083069995
NO;ILI;3;lag_value_1;0,32415795
NO;ILI;3;lag_temp_max_1;0,06436709
NO;ILI;3;lag_value_4;0,06423448
NO;ILI;3;month_sin;0,016978262
NO;ILI;3;month_cos;0,12690829
NO;ILI;3;week_sin;0,06108907
NO;ILI;3;week_cos;0,23160341
NO;ILI;4;covid;0,031872094
NO;ILI;4;year;0,07217177
NO;ILI;4;lag_value_1;0,2024787
NO;ILI;4;lag_temp_max_1;0,030879732
NO;ILI;4;lag_value_4;0,06358451
NO;ILI;4;month_sin;0,024812711
NO;ILI;4;month_cos;0,37792286
NO;ILI;4;week_sin;0,06297247
NO;ILI;4;week_cos;0,13330507
PL;ILI;1;temperature_2m_max;0,019358153
PL;ILI;1;covid;0,035486463
PL;ILI;1;lag_value_1;0,7562511
PL;ILI;1;lag_temp_max_1;0,036438737
PL;ILI;1;lag_value_4;0,02299521
PL;ILI;1;month_sin;0,027463265
PL;ILI;1;month_cos;0,029367551
PL;ILI;1;week_sin;0,034634527
PL;ILI;1;week_cos;0,038005047
PL;ILI;2;temperature_2m_max;0,036921162
PL;ILI;2;covid;0,055933956
PL;ILI;2;lag_value_1;0,47855896
PL;ILI;2;lag_temp_max_1;0,049182918
PL;ILI;2;lag_value_4;0,029905947
PL;ILI;2;month_sin;0,075690165
PL;ILI;2;month_cos;0,1553462
PL;ILI;2;week_sin;0,051200837
PL;ILI;2;week_cos;0,06725983
PL;ILI;3;temperature_2m_max;0,05643508
PL;ILI;3;covid;0,08716514
PL;ILI;3;lag_value_1;0,3232838
PL;ILI;3;lag_temp_max_1;0,060168944
PL;ILI;3;lag_value_4;0,040600784
PL;ILI;3;month_sin;0,088722065
PL;ILI;3;month_cos;0,260193
PL;ILI;3;week_sin;0,04550881
PL;ILI;3;week_cos;0,03792246
PL;ILI;4;temperature_2m_max;0,05477371
PL;ILI;4;covid;0,073182836
PL;ILI;4;lag_value_1;0,13120045
PL;ILI;4;lag_temp_max_1;0,019806903
PL;ILI;4;lag_value_4;0,03293928
PL;ILI;4;month_sin;0,092352964
PL;ILI;4;month_cos;0,48608318
PL;ILI;4;week_sin;0,042311493
PL;ILI;4;week_cos;0,0673492
RO;ARI;1;covid;0,04531993
RO;ARI;1;year;0,03803516
RO;ARI;1;lag_value_1;0,47699898
RO;ARI;1;lag_temp_min_2;0,046727028
RO;ARI;1;lag_value_3;0,046951216
RO;ARI;1;lag_value_4;0,048467003
RO;ARI;1;month_sin;0,06626111
RO;ARI;1;month_cos;0,08162527
RO;ARI;1;week_sin;0,04593009
RO;ARI;1;week_cos;0,103684194
RO;ARI;2;covid;0,08398319
RO;ARI;2;year;0,03989363
RO;ARI;2;lag_value_1;0,11094953
RO;ARI;2;lag_temp_min_2;0,03597603
RO;ARI;2;lag_value_3;0,03497697
RO;ARI;2;lag_value_4;0,03255242
RO;ARI;2;month_sin;0,06344494
RO;ARI;2;month_cos;0,19509928
RO;ARI;2;week_sin;0,0526809
RO;ARI;2;week_cos;0,3504431
RO;ARI;3;covid;0,06049998
RO;ARI;3;year;0,033460192
RO;ARI;3;lag_value_1;0,03926071
RO;ARI;3;lag_temp_min_2;0,019925559
RO;ARI;3;lag_value_3;0,021698078
RO;ARI;3;lag_value_4;0,026359346
RO;ARI;3;month_sin;0,04565499
RO;ARI;3;month_cos;0,6802553
RO;ARI;3;week_sin;0,036034808
RO;ARI;3;week_cos;0,036851034
RO;ARI;4;covid;0,0836061
RO;ARI;4;year;0,037332166
RO;ARI;4;lag_value_1;0,028367793
RO;ARI;4;lag_temp_min_2;0,024534725
RO;ARI;4;lag_value_3;0,020162998
RO;ARI;4;lag_value_4;0,025014313
RO;ARI;4;month_sin;0,03710054
RO;ARI;4;month_cos;0,66019464
RO;ARI;4;week_sin;0,03931428
RO;ARI;4;week_cos;0,04437237
RO;ILI;1;temperature_2m_max;0,0193681
RO;ILI;1;temperature_2m_min;0,01484688
RO;ILI;1;covid;0,007742933
RO;ILI;1;year;0,008476385
RO;ILI;1;lag_value_1;0,6373929
RO;ILI;1;lag_temp_max_1;0,01196861
RO;ILI;1;lag_temp_min_1;0,03544687
RO;ILI;1;lag_value_2;0,026442781
RO;ILI;1;lag_temp_max_2;0,032318056
RO;ILI;1;lag_temp_min_2;0,0070836605
RO;ILI;1;lag_value_3;0,074263
RO;ILI;1;lag_temp_max_3;0,024380066
RO;ILI;1;lag_temp_min_3;0,02144331
RO;ILI;1;lag_value_4;0,009110111
RO;ILI;1;lag_humidity_4;0,013826842
RO;ILI;1;lag_temp_max_4;0,008746958
RO;ILI;1;month_sin;0,01399258
RO;ILI;1;week_sin;0,015551982
RO;ILI;1;week_cos;0,017597934
RO;ILI;2;temperature_2m_max;0,03140163
RO;ILI;2;temperature_2m_min;0,03156816
RO;ILI;2;covid;0,009162689
RO;ILI;2;year;0,015861897
RO;ILI;2;lag_value_1;0,35356745
RO;ILI;2;lag_temp_max_1;0,022798402
RO;ILI;2;lag_temp_min_1;0,071206436
RO;ILI;2;lag_value_2;0,01803692
RO;ILI;2;lag_temp_max_2;0,022476384
RO;ILI;2;lag_temp_min_2;0,07510902
RO;ILI;2;lag_value_3;0,11132916
RO;ILI;2;lag_temp_max_3;0,021591518
RO;ILI;2;lag_temp_min_3;0,028219888
RO;ILI;2;lag_value_4;0,056420542
RO;ILI;2;lag_humidity_4;0,023555422
RO;ILI;2;lag_temp_max_4;0,013736592
RO;ILI;2;month_sin;0,029931404
RO;ILI;2;week_sin;0,023652138
RO;ILI;2;week_cos;0,040374435
RO;ILI;3;temperature_2m_max;0,024441633
RO;ILI;3;temperature_2m_min;0,013920865
RO;ILI;3;covid;0,017648807
RO;ILI;3;year;0,087182954
RO;ILI;3;lag_value_1;0,24450679
RO;ILI;3;lag_temp_max_1;0,17228486
RO;ILI;3;lag_temp_min_1;0,06533137
RO;ILI;3;lag_value_2;0,02868019
RO;ILI;3;lag_temp_max_2;0,025380002
RO;ILI;3;lag_temp_min_2;0,019668123
RO;ILI;3;lag_value_3;0,025233774
RO;ILI;3;lag_temp_max_3;0,010483569
RO;ILI;3;lag_temp_min_3;0,048150428
RO;ILI;3;lag_value_4;0,08119805
RO;ILI;3;lag_humidity_4;0,025616137
RO;ILI;3;lag_temp_max_4;0,016027592
RO;ILI;3;month_sin;0,01800216
RO;ILI;3;week_sin;0,04471168
RO;ILI;3;week_cos;0,031530995
RO;ILI;4;temperature_2m_max;0,026529185
RO;ILI;4;temperature_2m_min;0,038050972
RO;ILI;4;covid;0,10518969
RO;ILI;4;year;0,05217466
RO;ILI;4;lag_value_1;0,04812201
RO;ILI;4;lag_temp_max_1;0,014836933
RO;ILI;4;lag_temp_min_1;0,057089258
RO;ILI;4;lag_value_2;0,014141518
RO;ILI;4;lag_temp_max_2;0,017863784
RO;ILI;4;lag_temp_min_2;0,27170068
RO;ILI;4;lag_value_3;0,04290819
RO;ILI;4;lag_temp_max_3;0,026637368
RO;ILI;4;lag_temp_min_3;0,07014113
RO;ILI;4;lag_value_4;0,04565553
RO;ILI;4;lag_humidity_4;0,01835334
RO;ILI;4;lag_temp_max_4;0,0098987855
RO;ILI;4;month_sin;0,0055962238
RO;ILI;4;week_sin;0,11063067
RO;ILI;4;week_cos;0,024480179
SI;ARI;1;temperature_2m_max;0,0505397
SI;ARI;1;temperature_2m_min;0,023011189
SI;ARI;1;covid;0,008695254
SI;ARI;1;year;0,042033385
SI;ARI;1;lag_value_1;0,2781054
SI;ARI;1;lag_temp_max_1;0,043563075
SI;ARI;1;lag_temp_min_1;0,073264256
SI;ARI;1;lag_value_2;0,22108133
SI;ARI;1;lag_value_3;0,076204374
SI;ARI;1;lag_value_4;0,049116448
SI;ARI;1;lag_temp_min_4;0,01954262
SI;ARI;1;month_sin;0,01795878
SI;ARI;1;month_cos;0,03537415
SI;ARI;1;week_sin;0,023319304
SI;ARI;1;week_cos;0,038190678
SI;ARI;2;temperature_2m_max;0,047329456
SI;ARI;2;temperature_2m_min;0,0899052
SI;ARI;2;covid;0,024257055
SI;ARI;2;year;0,050003275
SI;ARI;2;lag_value_1;0,2099479
SI;ARI;2;lag_temp_max_1;0,041381456
SI;ARI;2;lag_temp_min_1;0,08503389
SI;ARI;2;lag_value_2;0,17455105
SI;ARI;2;lag_value_3;0,04161885
SI;ARI;2;lag_value_4;0,027835213
SI;ARI;2;lag_temp_min_4;0,0315603
SI;ARI;2;month_sin;0,025934162
SI;ARI;2;month_cos;0,07158214
SI;ARI;2;week_sin;0,032344576
SI;ARI;2;week_cos;0,04671541
SI;ARI;3;temperature_2m_max;0,037217047
SI;ARI;3;temperature_2m_min;0,09536363
SI;ARI;3;covid;0,027596857
SI;ARI;3;year;0,050315347
SI;ARI;3;lag_value_1;0,18066521
SI;ARI;3;lag_temp_max_1;0,043599293
SI;ARI;3;lag_temp_min_1;0,04885487
SI;ARI;3;lag_value_2;0,14276215
SI;ARI;3;lag_value_3;0,064254895
SI;ARI;3;lag_value_4;0,042948414
SI;ARI;3;lag_temp_min_4;0,046417482
SI;ARI;3;month_sin;0,035192396
SI;ARI;3;month_cos;0,095452785
SI;ARI;3;week_sin;0,029229911
SI;ARI;3;week_cos;0,06012967
SI;ARI;4;temperature_2m_max;0,044160042
SI;ARI;4;temperature_2m_min;0,03741343
SI;ARI;4;covid;0,055156004
SI;ARI;4;year;0,06440052
SI;ARI;4;lag_value_1;0,16246325
SI;ARI;4;lag_temp_max_1;0,04395665
SI;ARI;4;lag_temp_min_1;0,040118285
SI;ARI;4;lag_value_2;0,0940168
SI;ARI;4;lag_value_3;0,051031444
SI;ARI;4;lag_value_4;0,038496733
SI;ARI;4;lag_temp_min_4;0,103030674
SI;ARI;4;month_sin;0,042795926
SI;ARI;4;month_cos;0,10537877
SI;ARI;4;week_sin;0,0385191
SI;ARI;4;week_cos;0,07906241
SI;ILI;1;temperature_2m_max;0,049548727
SI;ILI;1;covid;0,0040007024
SI;ILI;1;year;0,06312853
SI;ILI;1;lag_value_1;0,36984718
SI;ILI;1;lag_temp_max_1;0,014420418
SI;ILI;1;lag_temp_min_1;0,009820305
SI;ILI;1;lag_value_2;0,091686375
SI;ILI;1;lag_temp_max_2;0,011686826
SI;ILI;1;lag_temp_min_2;0,031149017
SI;ILI;1;lag_humidity_3;0,009025755
SI;ILI;1;lag_temp_max_3;0,022833409
SI;ILI;1;lag_temp_min_3;0,04029081
SI;ILI;1;lag_value_4;0,046009433
SI;ILI;1;lag_temp_min_4;0,031626705
SI;ILI;1;month_sin;0,028872265
SI;ILI;1;month_cos;0,018913494
SI;ILI;1;week_sin;0,08597031
SI;ILI;1;week_cos;0,07116974
SI;ILI;2;temperature_2m_max;0,029498383
SI;ILI;2;covid;0,043008905
SI;ILI;2;year;0,06253553
SI;ILI;2;lag_value_1;0,16392908
SI;ILI;2;lag_temp_max_1;0,015393889
SI;ILI;2;lag_temp_min_1;0,02443057
SI;ILI;2;lag_value_2;0,05670793
SI;ILI;2;lag_temp_max_2;0,045173455
SI;ILI;2;lag_temp_min_2;0,042508952
SI;ILI;2;lag_humidity_3;0,0077724326
SI;ILI;2;lag_temp_max_3;0,028927404
SI;ILI;2;lag_temp_min_3;0,06733902
SI;ILI;2;lag_value_4;0,028952
SI;ILI;2;lag_temp_min_4;0,015040241
SI;ILI;2;month_sin;0,104488865
SI;ILI;2;month_cos;0,05582984
SI;ILI;2;week_sin;0,16494998
SI;ILI;2;week_cos;0,043513454
SI;ILI;3;temperature_2m_max;0,008997395
SI;ILI;3;covid;0,0065420764
SI;ILI;3;year;0,028606063
SI;ILI;3;lag_value_1;0,09927448
SI;ILI;3;lag_temp_max_1;0,012202284
SI;ILI;3;lag_temp_min_1;0,0448843
SI;ILI;3;lag_value_2;0,027048543
SI;ILI;3;lag_temp_max_2;0,047593962
SI;ILI;3;lag_temp_min_2;0,08136703
SI;ILI;3;lag_humidity_3;0,01168874
SI;ILI;3;lag_temp_max_3;0,0848636
SI;ILI;3;lag_temp_min_3;0,01523504
SI;ILI;3;lag_value_4;0,05700271
SI;ILI;3;lag_temp_min_4;0,010645906
SI;ILI;3;month_sin;0,23764132
SI;ILI;3;month_cos;0,12404105
SI;ILI;3;week_sin;0,056179803
SI;ILI;3;week_cos;0,046185724
SI;ILI;4;temperature_2m_max;0,020386837
SI;ILI;4;covid;0,020420088
SI;ILI;4;year;0,079391025
SI;ILI;4;lag_value_1;0,096394725
SI;ILI;4;lag_temp_max_1;0,13380127
SI;ILI;4;lag_temp_min_1;0,09188025
SI;ILI;4;lag_value_2;0,05516643
SI;ILI;4;lag_temp_max_2;0,103707254
SI;ILI;4;lag_temp_min_2;0,02738122
SI;ILI;4;lag_humidity_3;0,009130542
SI;ILI;4;lag_temp_max_3;0,018517073
SI;ILI;4;lag_temp_min_3;0,008334161
SI;ILI;4;lag_value_4;0,040902276
SI;ILI;4;lag_temp_min_4;0,013603263
SI;ILI;4;month_sin;0,07606781
SI;ILI;4;month_cos;0,08224059
SI;ILI;4;week_sin;0,05055977
SI;ILI;4;week_cos;0,07211545
